{"cameraMode":{"drawMode":0,"name":"Shaded","section":"Shading Mode"},"sceneLighting":false,"audioPlay":false,"sceneViewState":{"showFog":true,"showMaterialUpdate":false,"showSkybox":false,"showFlares":true,"showImageEffects":true,"showParticleSystems":true,"showVisualEffectGraphs":true,"m_FxEnabled":true},"in2DMode":false,"pivot":{"x":-0.21895399689674378,"y":1.2928255796432496,"z":-0.07594700157642365},"rotation":{"x":0.009935053996741772,"y":0.9774550199508667,"z":-0.20558971166610719,"w":0.047250062227249148},"size":1.4660253524780274,"orthographic":false}