{"cameraMode":{"drawMode":0,"name":"Shaded","section":"Shading Mode"},"sceneLighting":false,"audioPlay":false,"sceneViewState":{"showFog":true,"showMaterialUpdate":false,"showSkybox":false,"showFlares":true,"showImageEffects":true,"showParticleSystems":true,"showVisualEffectGraphs":true,"m_FxEnabled":true},"in2DMode":false,"pivot":{"x":0.000006198883056640625,"y":-2.2351741790771486e-8,"z":-2.2351741790771486e-8},"rotation":{"x":0.021919284015893937,"y":-0.9766252040863037,"z":0.17800845205783845,"w":0.11950897425413132},"size":0.27813616394996645,"orthographic":false}