{"cameraMode":{"drawMode":0,"name":"Shaded","section":"Shading Mode"},"sceneLighting":true,"audioPlay":false,"sceneViewState":{"showFog":true,"showMaterialUpdate":false,"showSkybox":true,"showFlares":true,"showImageEffects":true,"showParticleSystems":true,"showVisualEffectGraphs":true,"m_FxEnabled":true},"in2DMode":false,"pivot":{"x":8.391196250915528,"y":-2.2869110107421877,"z":-0.47501397132873537},"rotation":{"x":0.10546350479125977,"y":0.7265952229499817,"z":-0.11450708657503128,"w":0.6691995859146118},"size":12.880254745483399,"orthographic":false}