{"cameraMode":{"drawMode":0,"name":"Shaded","section":"Shading Mode"},"sceneLighting":true,"audioPlay":false,"sceneViewState":{"showFog":true,"showMaterialUpdate":false,"showSkybox":true,"showFlares":true,"showImageEffects":true,"showParticleSystems":true,"showVisualEffectGraphs":true,"m_FxEnabled":true},"in2DMode":false,"pivot":{"x":-58.22834014892578,"y":0.12835335731506349,"z":-0.06906580924987793},"rotation":{"x":-0.34408581256866457,"y":-0.019179964438080789,"z":0.006940091960132122,"w":-0.9388137459754944},"size":0.3700592517852783,"orthographic":false}