{"cameraMode":{"drawMode":0,"name":"Shaded","section":"Shading Mode"},"sceneLighting":true,"audioPlay":false,"sceneViewState":{"showFog":true,"showMaterialUpdate":false,"showSkybox":true,"showFlares":true,"showImageEffects":true,"showParticleSystems":true,"showVisualEffectGraphs":true,"m_FxEnabled":true},"in2DMode":false,"pivot":{"x":9.063943862915039,"y":7.268998622894287,"z":4.381879806518555},"rotation":{"x":0.038964029401540759,"y":0.1315271258354187,"z":-0.005131669342517853,"w":0.9906464219093323},"size":0.2263089418411255,"orthographic":false}