{"cameraMode":{"drawMode":0,"name":"Shaded","section":"Shading Mode"},"sceneLighting":true,"audioPlay":false,"sceneViewState":{"showFog":true,"showMaterialUpdate":false,"showSkybox":true,"showFlares":true,"showImageEffects":true,"showParticleSystems":true,"showVisualEffectGraphs":true,"m_FxEnabled":true},"in2DMode":false,"pivot":{"x":2.532087802886963,"y":-1.6396112442016602,"z":15.028427124023438},"rotation":{"x":-0.3835039436817169,"y":0.10545583069324494,"z":-0.044251009821891788,"w":-0.9165295958518982},"size":20.171085357666017,"orthographic":false}