{"cameraMode":{"drawMode":0,"name":"Shaded","section":"Shading Mode"},"sceneLighting":true,"audioPlay":false,"sceneViewState":{"showFog":true,"showMaterialUpdate":false,"showSkybox":true,"showFlares":true,"showImageEffects":true,"showParticleSystems":true,"showVisualEffectGraphs":true,"m_FxEnabled":true},"in2DMode":false,"pivot":{"x":391.91021728515627,"y":392.8303527832031,"z":217.84872436523438},"rotation":{"x":-0.1896388828754425,"y":0.012368341907858849,"z":-0.002389132045209408,"w":-0.9817729592323303},"size":373.1224060058594,"orthographic":false}