{"cameraMode":{"drawMode":0,"name":"Shaded","section":"Shading Mode"},"sceneLighting":true,"audioPlay":false,"sceneViewState":{"showFog":true,"showMaterialUpdate":false,"showSkybox":true,"showFlares":true,"showImageEffects":true,"showParticleSystems":true,"showVisualEffectGraphs":true,"m_FxEnabled":true},"in2DMode":false,"pivot":{"x":3.4285054206848146,"y":2.3830127716064455,"z":4.0681610107421879},"rotation":{"x":0.48723432421684267,"y":-0.1093716025352478,"z":0.06182662397623062,"w":0.8643736243247986},"size":2.1544644832611086,"orthographic":false}