{"cameraMode":{"drawMode":0,"name":"Shaded","section":"Shading Mode"},"sceneLighting":true,"audioPlay":false,"sceneViewState":{"showFog":true,"showMaterialUpdate":false,"showSkybox":true,"showFlares":true,"showImageEffects":true,"showParticleSystems":true,"showVisualEffectGraphs":true,"m_FxEnabled":true},"in2DMode":false,"pivot":{"x":741.7884521484375,"y":386.03314208984377,"z":-72.88092041015625},"rotation":{"x":0.2656254470348358,"y":0.00009157047315966338,"z":0.00014145775639917701,"w":0.9642434120178223},"size":311.37896728515627,"orthographic":false}