{"cameraMode":{"drawMode":0,"name":"Shaded","section":"Shading Mode"},"sceneLighting":true,"audioPlay":false,"sceneViewState":{"showFog":true,"showMaterialUpdate":false,"showSkybox":true,"showFlares":true,"showImageEffects":true,"showParticleSystems":true,"showVisualEffectGraphs":true,"m_FxEnabled":true},"in2DMode":false,"pivot":{"x":97.4056396484375,"y":-0.08168506622314453,"z":3.782316207885742},"rotation":{"x":0.01368521898984909,"y":-0.8912776112556458,"z":0.45252567529678347,"w":0.027018656954169275},"size":6.450801372528076,"orthographic":false}