{"cameraMode":{"drawMode":0,"name":"Shaded","section":"Shading Mode"},"sceneLighting":false,"audioPlay":false,"sceneViewState":{"showFog":true,"showMaterialUpdate":false,"showSkybox":false,"showFlares":true,"showImageEffects":true,"showParticleSystems":true,"showVisualEffectGraphs":true,"m_FxEnabled":true},"in2DMode":false,"pivot":{"x":0.3725000023841858,"y":1.0700000524520875,"z":-0.2500000298023224},"rotation":{"x":0.19708748161792756,"y":0.8015398383140564,"z":0.42469480633735659,"w":-0.37221282720565798},"size":4.0631208419799809,"orthographic":false}