{"cameraMode":{"drawMode":0,"name":"Shaded","section":"Shading Mode"},"sceneLighting":false,"audioPlay":false,"sceneViewState":{"showFog":true,"showMaterialUpdate":false,"showSkybox":false,"showFlares":true,"showImageEffects":true,"showParticleSystems":true,"showVisualEffectGraphs":true,"m_FxEnabled":true},"in2DMode":false,"pivot":{"x":-0.0000011548399925231934,"y":0.0016434937715530396,"z":0.003331907093524933},"rotation":{"x":0.021919284015893937,"y":-0.9766252040863037,"z":0.17800845205783845,"w":0.11950897425413132},"size":0.30117350816726687,"orthographic":false}