{"cameraMode":{"drawMode":0,"name":"Shaded","section":"Shading Mode"},"sceneLighting":false,"audioPlay":false,"sceneViewState":{"showFog":false,"showMaterialUpdate":false,"showSkybox":false,"showFlares":false,"showImageEffects":false,"showParticleSystems":false,"showVisualEffectGraphs":true,"m_FxEnabled":true},"in2DMode":false,"pivot":{"x":-0.14750950038433076,"y":0.12817436456680299,"z":0.24629813432693482},"rotation":{"x":0.374923974275589,"y":0.07109254598617554,"z":-0.02884998917579651,"w":0.9239006638526917},"size":0.9563326239585877,"orthographic":false}